nm,nest,treat,gender,i_width,i_weight,i_body,i_BMI,i_age,i_mark,i_invest,mi_hier,i_conflict,mean_temp,max_temp,temp_range,group_size,i_wrestle.num,i_attack.num,i_chase.num,i_escape.num,Tb,max_temp_time,conflict_invest,attack_invest,wrestle_invest,chase_invest,escape_invest,Tc
n0560 =,n0560,control,male,5.7,253,44.38596491,7.787011388,92,=,126.3522,2,17,NA,NA,NA,2.7,4,2,0,11,NA,NA,0.134544551,0.015828771,0.031657541,0,0.087058239,NA
n0560 A,n0560,control,male,5.85,374,63.93162393,10.92848272,95,A,4693.01982,1,45,NA,NA,NA,2.7,13,23,7,2,NA,NA,0.009588709,0.004900896,0.002770071,0.001491577,0.000426165,NA
n0560 H,n0560,control,female,5.3,278,52.45283019,9.896760413,75,H,424.7932,2,17,NA,NA,NA,2.7,5,2,0,10,NA,NA,0.040019473,0.004708173,0.011770433,0,0.023540866,NA
n0560 o,n0560,control,male,4.45,176,39.5505618,8.887766696,78,o,287.02094,3,34,NA,NA,NA,2.7,11,1,0,22,NA,NA,0.118458256,0.003484066,0.03832473,0,0.07664946,NA
n0560 O,n0560,control,female,5.72,325,56.81818182,9.93324857,78,O,175.00348,3,18,NA,NA,NA,2.7,1,0,0,17,NA,NA,0.102855098,0,0.005714172,0,0.097140925,NA
n0560 X,n0560,control,female,5.52,353,63.94927536,11.58501365,89,X,4225.61456,1,16,NA,NA,NA,2.7,6,9,1,0,NA,NA,0.003786431,0.002129868,0.001419912,0.000236652,0,NA
n0615 =,n0615,control,male,5.01,218,43.51297405,8.685224362,98,=,869.7055,3,8,0.3875,2.7,3.4,2.6,4,0,0,4,15.65882353,1.050225,0.009198516,0,0.004599258,0,0.004599258,15.21764706
n0615 A,n0615,control,male,5.51,247,44.82758621,8.135678077,128,A,1781.59788,2,4,-0.05,0.6,1.2,2.6,1,1,0,2,15.8375,1.600372222,0.002245176,0.000561294,0.000561294,0,0.001122588,15.8875
n0615 H,n0615,control,female,4.45,203,45.61797753,10.25123091,95,H,478.459,2,5,-0.514285714,0.3,1.4,2.6,1,0,0,4,15.77142857,1.100311111,0.010450216,0,0.002090043,0,0.008360173,16.28571429
n0615 o,n0615,control,male,5.39,289,53.61781076,9.947645781,95,o,1961.56718,1,14,0.157894737,2,2.8,2.6,5,5,2,2,15.43030303,1.200319444,0.00713715,0.002548982,0.002548982,0.001019593,0.001019593,15.26969697
n0615 O,n0615,control,female,6.08,381,62.66447368,10.30665686,122,O,3178.15933,1,6,0.142307692,1,1.3,2.6,1,4,1,0,15.39512195,1.950561111,0.001887885,0.00125859,0.000314648,0.000314648,0,15.1902439
n0615 X,n0615,control,female,5.08,217,42.71653543,8.408766818,98,X,794.039,2,5,-0.52,-0.1,1.1,2.6,0,0,0,5,16.02,0.350144444,0.00629692,0,0,0,0.00629692,16.54
n0616 =,n0616,control,male,4.75,198,41.68421053,8.775623269,95,=,47.89665,2,15,1.816666667,2.6,2.1,3,3,4,0,7,16.2375,1.100113889,0.313174303,0.083513148,0.062634861,0,0.146148008,15.0125
n0616 A,n0616,control,male,5.17,228,44.10058027,8.530092896,128,A,3200.6537,1,23,-0.128571429,0.2,1.1,3,7,15,0,0,13.7375,1.150075,0.007186032,0.004686543,0.002187053,0,0,13.79166667
n0616 H,n0616,control,female,5.45,292,53.57798165,9.830822321,95,H,4182.60823,1,21,1.55,3.2,3.7,3,3,12,3,1,15.64761905,1.600258333,0.005020791,0.002869023,0.000717256,0.000717256,0.000239085,13.7
n0616 o,n0616,control,male,5,206,41.2,8.24,98,o,682.45966,3,12,0.157142857,1,2.1,3,4,0,0,7,15.3625,1.200166667,0.017583457,0,0.005861152,0,0.010257017,15.25
n0616 O,n0616,control,female,5.91,317,53.63790186,9.075787117,122,O,273.82483,2,10,1.91,4.4,4.8,3,2,0,0,6,15.97142857,0.99995,0.036519698,0,0.00730394,0,0.021911819,14.70714286
n0616 X,n0616,control,female,5.6,273,48.75,8.705357143,98,X,124.3293,2,10,1.006666667,5.4,6.3,3,1,0,0,9,16.23529412,1.050013889,0.080431564,0,0.008043156,0,0.072388407,15.38235294
n0673 =,n0673,control,male,5.41,289,53.41959335,9.874231672,108,=,1779.86281,3,15,-0.1375,0.3,1.2,2.8,6,3,0,6,14.85357143,1.200113889,0.008427616,0.001685523,0.003371046,0,0.003371046,14.90714286
n0673 A,n0673,control,male,5.61,314,55.9714795,9.97709082,76,A,2830.16908,2,14,0.045454545,1.9,2.6,2.8,6,2,2,4,14.29444444,0.650025,0.004946701,0.000706672,0.002120015,0.000706672,0.001413343,14.2
n0673 H,n0673,control,female,5.22,295,56.51340996,10.82632375,98,H,3667.43157,1,5,1.642857143,4.2,4.9,2.8,2,3,0,0,16.50294118,1.600408333,0.001363352,0.000818011,0.000545341,0,0,14.8
n0673 o,n0673,control,male,4.22,160,37.91469194,8.984524157,78,o,1405.43849,1,12,0.068181818,0.6,1.4,2.8,2,9,0,1,14.81785714,0.700302778,0.008538261,0.006403695,0.001423043,0,0.000711522,14.72857143
n0673 O,n0673,control,female,4.95,191,38.58585859,7.795122947,77,O,0,2,0,NA,NA,NA,2.8,0,0,0,0,NA,NA,NA,NA,NA,NA,NA,NA
n0673 X,n0673,control,female,5.29,235,44.42344045,8.397625795,96,X,757.324,2,6,0.6125,3.3,4.6,2.8,2,0,0,4,15.85,0.800408333,0.007922633,0,0.002640878,0,0.005281755,15.2375
n0867 =,n0867,maggot,male,6.08,370,60.85526316,10.00908934,93,=,1905.92651,1,6,-0.59,0.2,1.8,4.3,2,4,0,0,16.93181818,0.650072222,0.003148075,0.002098717,0.001049358,0,0,17.48636364
n0867 A,n0867,maggot,male,5.42,313,57.74907749,10.65481135,92,A,3880.70637,3,4,0.211764706,2.9,5.4,4.3,0,1,0,3,17.22,0.350125,0.00103074,0.000257685,0,0,0.000773055,17.03111111
n0867 H,n0867,maggot,female,6.02,371,61.62790698,10.23719385,92,H,4059.80851,2,15,0.039130435,2.6,5.1,4.3,1,2,0,12,16.46666667,0.249975556,0.003694756,0.000492634,0.000246317,0,0.002955804,16.32820513
n0867 o,n0867,maggot,male,5.82,346,59.45017182,10.21480615,92,o,5277.46797,2,5,-0.455172414,1.9,4.3,4.3,2,3,0,0,16.51136364,0.650072222,0.000947424,0.000568454,0.00037897,0,0,16.73409091
n0867 O,n0867,maggot,female,5.89,319,54.15959253,9.195177,92,O,4360.33439,1,13,-0.3,1.2,4.1,4.3,5,7,1,0,16.68181818,0.600127778,0.002981423,0.001605381,0.001146701,0.00022934,0,16.82727273
n0867 X,n0867,maggot,female,5.69,372,65.37785589,11.4899571,92,X,958.22027,2,19,-0.542857143,0.6,2.8,4.3,4,2,0,13,16.9,0.150094722,0.019828426,0.002087203,0.004174406,0,0.013566818,17.27894737
n0944 =,n0944,maggot,male,5.82,360,61.8556701,10.62812201,77,=,2051.826422,1,15,-0.054545455,0.8,1.6,2,0,12,3,0,NA,NA,0.00731056,0.005848448,0,0.001462112,0,NA
n0944 A,n0944,maggot,male,4.96,201,40.52419355,8.170200312,91,A,1439.01059,2,2,-0.4,-0.4,0,2,0,1,0,1,NA,NA,0.001389844,0.000694922,0,0,0.000694922,NA
n0944 H,n0944,maggot,female,5.8,345,59.48275862,10.25564804,139,H,283.72099,2,1,-0.766666667,0.5,2.8,2,0,0,0,1,NA,NA,0.003524589,0,0,0,0.003524589,NA
n0944 o,n0944,maggot,male,5.79,295,50.94991364,8.799639662,77,o,513.30115,3,2,NA,NA,NA,2,0,0,0,2,NA,NA,0.003896348,0,0,0,0.003896348,NA
n0944 O,n0944,maggot,female,4.42,157,35.52036199,8.036280993,71,O,131.662002,2,0,-1.128571429,0.9,2.7,2,0,0,0,0,NA,NA,0,0,0,0,0,NA
n0944 X,n0944,maggot,female,5.93,348,58.6846543,9.896231754,138,X,2551.704722,1,7,0.341666667,1.2,2.3,2,0,6,1,0,NA,NA,0.002743264,0.002351369,0,0.000391895,0,NA
n0947 =,n0947,maggot,male,6.08,391.6,64.40789474,10.59340374,85,=,2761.48153,2,6,0.282758621,3.9,5.3,2.7,3,3,0,0,16.22647059,1.450213889,0.002172747,0.001086373,0.001086373,0,0,15.99705882
n0947 A,n0947,maggot,male,5.74,357.3,62.24738676,10.84449247,67,A,797.965169,1,7,-0.151724138,0.5,1.7,2.7,2,4,0,1,16.42758621,1.500344444,0.008772313,0.00501275,0.002506375,0,0.001253188,16.57931034
n0947 H,n0947,maggot,female,5.22,248.3,47.56704981,9.112461649,85,H,5139.922639,1,4,0.884375,2.9,4.4,2.7,3,1,0,0,16.43571429,2.050286111,0.000778222,0.000194555,0.000583666,0,0,15.70952381
n0947 o,n0947,maggot,male,5.08,245.5,48.32677165,9.513144026,99,o,1423.992109,3,3,-0.33125,0.2,1.4,2.7,1,0,0,2,16.35,1.500344444,0.002106753,0,0.000702251,0,0.001404502,16.68125
n0947 O,n0947,maggot,female,5.08,247.3,48.68110236,9.582894166,68,O,277.53293,3,6,0.792307692,3.4,4.8,2.7,2,0,0,4,16.98461538,2.150147222,0.021619056,0,0.007206352,0,0.014412704,16.19230769
n0947 X,n0947,maggot,female,4.82,197.9,41.05809129,8.5182762,79,X,1244.30328,1,8,0.158823529,2.9,4,2.7,1,1,0,6,16.68235294,0.549961111,0.006429301,0.000803663,0.000803663,0,0.004821976,16.52352941
n0949 =,n0949,maggot,male,5.05,227.4,45.02970297,8.916772865,85,=,186.143529,2,1,NA,NA,NA,2.5,0,0,0,1,NA,NA,0.005372199,0,0,0,0.005372199,NA
n0949 A,n0949,maggot,male,5.58,348.7,62.49103943,11.19911101,67,A,4889.839617,1,11,NA,NA,NA,2.5,2,7,2,0,NA,NA,0.002249563,0.00143154,0.000409011,0.000409011,0,NA
n0949 H,n0949,maggot,female,5.82,366.8,63.02405498,10.82887543,70,H,1098.63214,1,2,NA,NA,NA,2.5,1,1,0,0,NA,NA,0.001820446,0.000910223,0.000910223,0,0,NA
n0949 o,n0949,maggot,male,5.88,298.5,50.76530612,8.633555463,99,o,89.346288,2,3,NA,NA,NA,2.5,2,0,0,1,NA,NA,0.03357722,0,0.022384814,0,0.011192407,NA
n0949 O,n0949,maggot,female,5.25,255.3,48.62857143,9.262585034,68,O,767.598222,3,0,NA,NA,NA,2.5,0,0,0,0,NA,NA,0,0,0,0,0,NA
n0949 X,n0949,maggot,female,5.75,354.6,61.66956522,10.72514178,85,X,5432.994432,1,2,NA,NA,NA,2.5,1,1,0,0,NA,NA,0.000368121,0.000184061,0.000184061,0,0,NA
n1072 =,n1072,control,male,5.66,329,58.12720848,10.26982482,91,=,2540.36402,2,9,0.7,2.5,3,3.2,1,7,0,1,17.692,0.79145,0.003542799,0.002755511,0.000393644,0,0.000393644,16.992
n1072 A,n1072,control,male,4.72,192,40.6779661,8.618213157,89,A,4269.02177,1,13,0.607142857,1.9,1.9,3.2,3,10,0,0,17.53571429,1.294425,0.003045194,0.002342457,0.000702737,0,0,16.92857143
n1072 H,n1072,control,female,6,382,63.66666667,10.61111111,75,H,2490.12936,1,12,2.109375,4.9,4.4,3.2,2,8,1,1,19.025,1.898388889,0.004819027,0.003212685,0.000803171,0.000401586,0.000401586,16.915625
n1072 o,n1072,control,male,4.9,222,45.30612245,9.246147439,90,o,5249.19508,3,7,0.334615385,1.4,1.3,3.2,4,3,0,0,17.28461538,1.092961111,0.001333538,0.000571516,0.000762022,0,0,16.95
n1072 O,n1072,control,female,5.5,295,53.63636364,9.752066116,90,O,590.53852,2,13,1.169230769,2.4,2.5,3.2,2,0,0,11,18.16923077,0.942386111,0.022013805,0,0.003386739,0,0.018627066,17
n1072 X,n1072,control,female,5.49,311,56.64845173,10.31847937,90,X,0,2,1,0.518181818,1.2,1.4,3.2,0,0,0,1,17.44545455,1.244122222,NA,NA,NA,NA,NA,16.92727273
n2801 =,n2801,control,male,6.31,435,68.93819334,10.92522874,76,=,3433.104324,1,10,2.008823529,4.3,4,2.9,2,7,1,0,18.80227273,1.867063889,0.002912816,0.002038971,0.000582563,0.000291282,0,17.09090909
n2801 A,n2801,control,male,5.77,344,59.6187175,10.33253336,75,A,207.87199,2,3,0.1,0.5,0.8,2.9,1,0,0,2,17,0.316683333,0.014431959,0,0.004810653,0,0.009621306,16.9
n2801 H,n2801,control,female,6.29,439,69.79332273,11.09591776,73,H,3314.762754,1,12,3.286956522,5.2,5.1,2.9,4,6,2,0,19.640625,1.467161111,0.003620169,0.001810084,0.001206723,0.000603361,0,17.028125
n2801 o,n2801,control,male,5.65,308,54.51327434,9.648367139,76,o,563.371374,2,5,0.283333333,1.1,1.4,2.9,1,0,0,4,17.1875,0.199818056,0.00887514,0,0.001775028,0,0.007100112,17.075
n2801 O,n2801,control,female,6.39,443,69.32707355,10.84930729,76,O,112.30188,2,9,2.5,5.5,5.9,2.9,5,2,0,2,19.96875,1.416975,0.080141134,0.017809141,0.044522852,0,0.017809141,17.46875
n2801 X,n2801,control,female,5.92,360,60.81081081,10.27209642,76,X,1242.65921,2,9,1.1,5.6,5.9,2.9,3,2,0,4,18.58333333,1.016775,0.007242533,0.001609452,0.002414178,0,0.003218903,17.48333333
n2802 =,n2802,control,male,6.04,356,58.94039735,9.758343932,103,=,39.58515,2,1,1.75,3.4,2.4,1.9,0,0,0,1,18.91666667,0.600147222,0.025261999,0,0,0,0.025261999,17.16666667
n2802 A,n2802,control,male,5.45,289,53.02752294,9.729820722,111,A,168.42048,2,2,1.08,1.5,1.3,1.9,1,0,0,1,17.76666667,0.843602778,0.01187504,0,0.00593752,0,0.00593752,16.85
n2802 H,n2802,control,female,6.51,494,75.88325653,11.65641421,97,H,3000.72611,1,39,3.916,6.8,6,1.9,12,21,6,0,20.06875,0.450080556,0.012996854,0.006998306,0.003999032,0.001999516,0,16.81875
n2802 o,n2802,control,male,6.22,415,66.72025723,10.72672946,97,o,3064.73531,1,8,0.961538462,1.9,1.6,1.9,1,7,0,0,17.2173913,0.5501,0.00261034,0.002284047,0.000326292,0,0,16.51304348
n2802 O,n2802,control,female,6.26,401,64.05750799,10.23282875,97,O,260.97488,2,26,2.463636364,6,5.6,1.9,11,4,0,11,19.60909091,0.450080556,0.099626447,0.015327146,0.042149651,0,0.042149651,17.14545455
n2802 X,n2802,control,female,6.27,429,68.42105263,10.91244859,97,X,4.27225,3,2,3.466666667,4.1,1,1.9,1,0,0,1,20.63333333,0.90015,0.468137398,0,0.234068699,0,0.234068699,17.16666667
n2837 =,n2837,maggot,male,5.31,276,51.97740113,9.788587783,128,=,2237.660959,3,13,0.402941176,1,1.1,4.7,2,3,1,7,17.6375,0.036056667,0.005809638,0.001340686,0.00089379,0.000446895,0.003128267,17.2475
n2837 A,n2837,maggot,male,6.31,392,62.12361331,9.845263599,128,A,5000.876199,1,38,1.442857143,4.6,4.8,4.7,10,15,10,3,18.18431373,0.900002778,0.007598668,0.002999474,0.00199965,0.00199965,0.000599895,17.02156863
n2837 H,n2837,maggot,female,6.01,358,59.56738769,9.911378983,113,H,3595.404279,2,37,0.17826087,0.6,1,4.7,24,4,0,9,17.72352941,0.349780556,0.010290915,0.001112531,0.006675188,0,0.002503196,17.03529412
n2837 o,n2837,maggot,male,6.29,426,67.72655008,10.76733706,107,o,3504.184409,2,34,0.9,2.9,3,4.7,10,12,3,9,18.02564103,0.750138889,0.009702686,0.003424477,0.002853731,0.000856119,0.002568358,17.23333333
n2837 O,n2837,maggot,female,5.65,338,59.82300885,10.58814316,128,O,2654.20541,3,10,1.638888889,2.8,2.1,4.7,3,0,0,7,18.8255814,0.750138889,0.003767606,0,0.001130282,0,0.002637324,17.22325581
n2837 X,n2837,maggot,female,6.08,353,58.05921053,9.549212258,131,X,5493.120359,1,63,0.593939394,3.1,3.2,4.7,25,22,15,1,17.79423077,0.399847222,0.011468891,0.00400501,0.004551147,0.002730688,0.000182046,16.975
n2862 =,n2862,control,male,5.97,373,62.47906198,10.46550452,81,=,1108.450086,2,28,1.18125,5.8,6,2.7,12,11,0,5,18.3625,0.616955556,0.025260497,0.009923767,0.010825927,0,0.004510803,17.18125
n2862 A,n2862,control,male,6.27,432,68.89952153,10.98875941,74,A,1525.76274,3,31,0.690909091,2.2,2.9,2.7,15,9,0,7,17.09411765,0.566916667,0.020317707,0.005898689,0.009831148,0,0.004587869,16.59411765
n2862 H,n2862,control,female,5.13,261,50.87719298,9.917581478,81,H,4449.914876,1,0,2.057142857,3.8,4,2.7,0,0,0,0,18.57931034,1.316816667,0,0,0,0,0,16.74137931
n2862 o,n2862,control,male,6.41,428,66.77067083,10.41664131,78,o,4256.73008,1,44,0.817857143,4.8,4.9,2.7,13,28,2,1,17.54166667,0.616955556,0.010336573,0.006577819,0.003053987,0.000469844,0.000234922,16.81111111
n2862 O,n2862,control,female,6.31,420,66.56101426,10.54849671,74,O,0,1,0,0.25,0.3,0.1,2.7,0,0,0,0,16.83333333,1.341847222,NA,NA,NA,NA,NA,16.63333333
n2862 X,n2862,control,female,5.99,384,64.10684474,10.70231131,74,X,5.640716,1,0,0.8,2.1,2.6,2.7,0,0,0,0,17.95,0.662125,0,0,0,0,0,17.15
n2886 =,n2886,control,male,6.77,500,73.85524372,10.90919405,74,=,4167.510533,1,7,1.354545455,3.6,3.6,3.1,2,5,0,0,17.35,1.900441667,0.00167966,0.001199757,0.000479903,0,0,16.35
n2886 A,n2886,control,male,6.05,399,65.95041322,10.90089475,74,A,611.5997,2,5,1.614285714,3.9,4.2,3.1,1,4,0,0,19.04285714,1.250238889,0.008175282,0.006540226,0.001635056,0,0,17.42857143
n2886 H,n2886,control,female,6.35,467,73.54330709,11.58162316,85,H,4018.742523,2,93,3.236842105,5.3,5.9,3.1,55,38,0,0,19.19142857,1.250238889,0.023141567,0.009455694,0.013685873,0,0,16.59142857
n2886 o,n2886,control,male,6.02,368,61.12956811,10.15441331,85,o,407.6003,3,6,0.133333333,0.8,1.4,3.1,3,3,0,0,17.575,0.500061111,0.014720303,0.007360152,0.007360152,0,0,17.43125
n2886 O,n2886,control,female,6.25,455,72.8,11.648,84,O,1337.175113,3,53,0.025,1.2,2.2,3.1,26,23,2,2,18.53,0.550191667,0.039635796,0.01720044,0.019443975,0.00149569,0.00149569,16.39
n2886 X,n2886,control,female,6.07,407,67.05107084,11.04630492,83,X,1868.570023,1,97,3.847222222,6.3,4.5,3.1,51,44,0,2,21.10789474,1.250238889,0.051911354,0.023547418,0.027293599,0,0.001070337,17.34473684
n2887 =,n2887,control,male,6.59,468,71.01669196,10.77643277,74,=,3001.5493,1,0,2.735714286,6.6,7,2.8,0,0,0,0,18.49583333,0.12382,0,0,0,0,0,16.65
n2887 A,n2887,control,male,5.89,451,76.5704584,13.00007783,74,A,1379.199721,1,1,1.761538462,4.2,3.6,2.8,1,0,0,0,19.31923077,1.677733333,0.000725058,0,0.000725058,0,0,17.55769231
n2887 H,n2887,control,female,6.14,436,71.00977199,11.56510944,85,H,665.37017,2,1,3.05,4.3,4.7,2.8,1,0,0,0,17.47142857,0.383530556,0.001502923,0,0.001502923,0,0,16.27857143
n2887 o,n2887,control,male,5.97,428,71.69179229,12.00867543,85,o,79.504009,1,1,0.575,1.8,2,2.8,1,0,0,0,18.45,0.433411111,0.012577982,0,0.012577982,0,0,17.875
n2887 O,n2887,control,female,6.28,460,73.24840764,11.66375918,83,O,4096.519682,2,2,2.05,4.5,4.3,2.8,2,0,0,0,18.5575,0.677072222,0.000488219,0,0.000488219,0,0,16.7525
n2887 X,n2887,control,female,5.9,367,62.20338983,10.54294743,85,X,804.95282,1,2,1.692307692,5,4.8,2.8,1,1,0,0,19.42307692,1.077566667,0.002484618,0.001242309,0.001242309,0,0,17.73076923
n2908 =,n2908,control,male,5.98,358,59.86622074,10.0110737,93,=,3276.08696,2,8,0.830434783,4.5,4.5,3.8,0,2,2,4,17.93928571,0.250225,0.002441938,0.000610484,0,0.000610484,0.001220969,17.14285714
n2908 A,n2908,control,male,5.52,315,57.06521739,10.3379017,93,A,2189.295115,3,1,0.488888889,1.1,1.1,3.8,0,0,1,0,17.72,0.500330556,0.000456768,0,0,0.000456768,0,17.245
n2908 H,n2908,control,female,6.14,481,78.33876221,12.75875606,79,H,2158.02446,2,8,2.677777778,5.5,5.2,3.8,3,5,0,0,19.30769231,0.700333333,0.003707094,0.002316934,0.00139016,0,0,17.03846154
n2908 o,n2908,control,male,6.41,476,74.25897036,11.58486277,93,o,3266.04111,1,17,0.8,3,3.2,3.8,0,12,5,0,18.03513514,0.450283333,0.005205078,0.003674173,0,0.001530905,0,17.24864865
n2908 O,n2908,control,female,6.63,526,79.33634992,11.96626696,93,O,4951.813195,1,13,3.656756757,5.8,5.7,3.8,4,8,1,0,20.29565217,0.650211111,0.002625301,0.00161557,0.000807785,0.000201946,0,17.13478261
n2908 X,n2908,control,female,5.85,356,60.85470085,10.40251297,81,X,928.54821,3,4,0.545454545,2.3,2.5,3.8,1,2,0,1,18,2.050516667,0.0043078,0.0021539,0.00107695,0,0.00107695,17.45454545
n2971 =,n2971,maggot,male,6.01,342,56.90515807,9.468412324,107,=,4915.39613,1,4,0.560714286,1.2,1.2,4.6,0,4,0,0,17.20243902,1.750225,0.00081377,0.00081377,0,0,0,16.71219512
n2971 A,n2971,maggot,male,5.5,278,50.54545455,9.190082645,107,A,4088.68162,3,1,1.017241379,3.4,3.1,4.6,0,0,0,1,17.94848485,1.800372222,0.000244578,0,0,0,0.000244578,17.0030303
n2971 H,n2971,maggot,female,6.03,433,71.80762852,11.90839611,107,H,1937.70203,3,23,2.834482759,6.5,6.8,4.6,4,19,0,0,19.82580645,0.600163889,0.01186973,0.009805429,0.002064301,0,0,17.10645161
n2971 o,n2971,maggot,male,6.01,402,66.88851913,11.12953729,92,o,3670.9593,1,4,1.088888889,4.2,3.9,4.6,0,3,1,0,17.46428571,0.188652778,0.001089633,0.000817225,0,0.000272408,0,16.64285714
n2971 O,n2971,maggot,female,6.37,439,68.91679749,10.8189635,107,O,1570.08741,2,36,3.840625,7,7.6,4.6,10,26,0,0,20.91212121,1.000086111,0.02292866,0.016559588,0.006369072,0,0,17.16060606
n2971 X,n2971,maggot,female,6.39,482,75.43035994,11.80443817,95,X,5258.67757,1,44,3.519512195,7.1,6.6,4.6,10,32,1,0,19.81296296,1.000086111,0.008367123,0.00608518,0.001901619,0.000190162,0,16.83703704
n3007 =,n3007,maggot,male,5.9,393,66.61016949,11.28985924,88,=,3685.12091,1,32,2.6625,5.7,4.6,3.9,8,24,0,0,18.9125,0.150057778,0.008683569,0.006512676,0.002170892,0,0,16.25
n3007 A,n3007,maggot,male,6.09,400,65.68144499,10.78513054,107,A,1895.445959,2,30,1.775,2.8,2.2,3.9,12,18,0,0,18.0625,0.116866389,0.01582741,0.009496446,0.006330964,0,0,16.2875
n3007 H,n3007,maggot,female,6.35,474,74.64566929,11.75522351,105,H,5277.044179,1,13,1.711111111,4,3.5,3.9,3,9,1,0,18.13333333,0.500005556,0.0024635,0.0017055,0.0005685,0.0001895,0,16.42222222
n3007 o,n3007,maggot,male,6.12,414,67.64705882,11.05344098,104,o,3090.109149,3,21,3.071428571,3.8,1.6,3.9,12,9,0,0,19.57142857,0.163909444,0.006795876,0.002912518,0.003883358,0,0,16.5
n3007 O,n3007,maggot,female,6.01,398,66.22296173,11.01879563,107,O,2443.529629,3,12,2.25,4.4,3.7,3.9,6,6,0,0,18.7,0.400275,0.004910929,0.002455464,0.002455464,0,0,16.45
n3007 X,n3007,maggot,female,6.51,473,72.65745008,11.16089863,107,X,1402.23385,2,13,2.409090909,4.5,3.6,3.9,5,7,0,1,18.78181818,0.350097222,0.009270922,0.004992035,0.003565739,0,0.000713148,16.37272727
n3020 =,n3020,maggot,male,6.48,451,69.59876543,10.74055022,109,=,3741.05753,1,14,0.895454545,3.1,3.2,3,0,13,1,0,17.62058824,0.399783333,0.003742257,0.003474953,0,0.000267304,0,16.93529412
n3020 A,n3020,maggot,male,5.98,368,61.53846154,10.29071263,90,A,101.06552,2,1,0.9,2.7,2.8,3,0,0,0,1,18.08571429,0.249927778,0.009894571,0,0,0,0.009894571,17.22857143
n3020 H,n3020,maggot,female,6.15,457,74.30894309,12.08275497,106,H,603.25571,2,31,2.34,5,5.6,3,10,21,0,0,18.98421053,0.649925,0.051387827,0.034811109,0.016576718,0,0,17.13684211
n3020 o,n3020,maggot,male,5.77,350,60.65857886,10.51275197,109,o,551.92185,2,0,0,0.3,0.9,3,0,0,0,0,17.4,0.016790833,0,0,0,0,0,17.4
n3020 O,n3020,maggot,female,6.58,507,77.05167173,11.70998051,107,O,5000.88399,1,46,4.136666667,5.5,5.5,3,10,36,0,0,20.00833333,1.750133333,0.009198374,0.007198727,0.001999646,0,0,16.86458333
n3020 X,n3020,maggot,female,6.27,428,68.261563,10.88701164,109,X,724.88186,3,12,1.01,2.5,2.8,3,4,8,0,0,18.13913043,0.249927778,0.016554422,0.011036281,0.005518141,0,0,17.23043478
n3021 =,n3021,maggot,male,6.28,447,71.17834395,11.3341312,110,=,3732.556843,3,4,0.635714286,4.1,4.9,4.8,3,1,0,0,17.54871795,0.283252778,0.001071651,0.000267913,0.000803739,0,0,16.98974359
n3021 A,n3021,maggot,male,6.21,388,62.47987118,10.06117088,91,A,5060.194051,2,3,1.007692308,2.9,3,4.8,1,2,0,0,17.21176471,0.583313889,0.000592863,0.000395242,0.000197621,0,0,16.41470588
n3021 H,n3021,maggot,female,6.37,431,67.66091052,10.62180699,110,H,3605.583653,1,42,4.855813953,7.7,8.3,4.8,16,26,0,0,20.98035714,1.333294444,0.0116486,0.007211038,0.004437562,0,0,17.07142857
n3021 o,n3021,maggot,male,6.53,461,70.59724349,10.81121646,108,o,2010.76468,1,10,1.028571429,5.1,5.5,4.8,4,6,0,0,18.19375,0.533255556,0.004973232,0.002983939,0.001989293,0,0,17.271875
n3021 O,n3021,maggot,female,6.04,442,73.17880795,12.11569668,107,O,3249.225414,2,28,4.892105263,7.6,8,4.8,16,12,0,0,21.28695652,0.583313889,0.008617438,0.003693188,0.004924251,0,0,17.17391304
n3021 X,n3021,maggot,female,6.32,451,71.36075949,11.29125941,110,X,4974.147831,3,10,1.651724138,5.1,5.7,4.8,4,6,0,0,18.12608696,1.483294444,0.002010395,0.001206237,0.000804158,0,0,16.85652174
n3043 =,n3043,control,male,6.54,489,74.7706422,11.43281991,95,=,4508.06315,1,10,2.9225,5.5,5.7,2.4,1,9,0,0,19.64,0.616566667,0.002218248,0.001996423,0.000221825,0,0,17.32363636
n3043 A,n3043,control,male,6.41,446,69.57878315,10.85472436,80,A,9.94635,3,0,0.3,0.7,0.8,2.4,0,0,0,0,18,0.144245278,0,0,0,0,0,17.7
n3043 H,n3043,control,female,6.59,512,77.69347496,11.78960166,83,H,5282.10934,1,19,3.803125,5.1,4,2.4,3,15,1,0,20.71777778,1.616902778,0.003597048,0.002839775,0.000567955,0.000189318,0,17.34
n3043 o,n3043,control,male,6.22,407,65.4340836,10.51994913,81,o,75.6656,2,3,1.933333333,3.8,4,2.4,1,2,0,0,19.66666667,1.716727778,0.039648136,0.026432091,0.013216045,0,0,17.73333333
n3043 O,n3043,control,female,5.88,373,63.43537415,10.78832894,81,O,444.0134,2,8,1.776923077,5.5,5.6,2.4,2,5,0,1,19.58461538,0.416619444,0.018017474,0.011260921,0.004504369,0,0.002252184,17.80769231
n3043 X,n3043,control,female,5.59,348,62.25402504,11.13667711,95,X,411.93863,3,2,1.0875,3.3,3.5,2.4,1,1,0,0,18.9,0.516547222,0.004855092,0.002427546,0.002427546,0,0,17.8125
n3044 =,n3044,control,male,6.53,469,71.82235835,10.99882976,93,=,23.731,1,11,2.283333333,4.1,4.7,2.3,5,6,0,0,19.025,0.832355556,0.463528718,0.252833846,0.210694872,0,0,17.1625
n3044 A,n3044,control,male,6.42,462,71.96261682,11.20913035,81,A,17.0556,2,10,1.73,3.1,3.3,2.3,7,3,0,0,19.32,0.932458333,0.58631769,0.175895307,0.410422383,0,0,17.59
n3044 H,n3044,control,female,6.38,426,66.77115987,10.46569904,81,H,467.77826,3,5,1.1625,2.4,2.3,2.3,2,3,0,0,17.78333333,0.694325,0.010688825,0.006413295,0.00427553,0,0,16.95833333
n3044 o,n3044,control,male,6.42,NA,NA,NA,81,o,2750.029842,3,4,0.652173913,3.9,4,2.3,2,2,0,0,17.71875,1.027722222,0.00145453,0.000727265,0.000727265,0,0,17.140625
n3044 O,n3044,control,female,6.44,446,69.25465839,10.75382894,83,O,957.686231,1,9,0.766666667,2.7,2.8,2.3,3,6,0,0,18.07142857,0.544497222,0.00939765,0.0062651,0.00313255,0,0,17.37142857
n3044 X,n3044,control,female,6.67,531,79.6101949,11.93556145,95,X,3072.518173,1,11,2.79047619,5.5,4.5,2.3,5,6,0,0,20.14230769,1.432391667,0.003580125,0.001952796,0.00162733,0,0,17.27307692
n3073 =,n3073,maggot,male,6.19,383,61.87399031,9.995798111,103,=,5075.237763,1,58,0.287096774,2.3,3.5,4.2,5,49,4,0,17.79803922,1.019669444,0.011428036,0.00965472,0.000985176,0.00078814,0,17.70784314
n3073 A,n3073,maggot,male,5.99,367,61.2687813,10.22851107,103,A,1515.18135,2,16,0.546153846,2.5,3.8,4.2,1,13,0,2,18.17941176,1.219613889,0.010559792,0.008579831,0.000659987,0,0.001319974,17.92352941
n3073 H,n3073,maggot,female,6.16,378,61.36363636,9.96162928,97,H,4411.102062,1,37,0.868965517,2.4,2.4,4.2,9,25,3,0,18.46153846,1.619769444,0.008387927,0.005667518,0.002040306,0.000680102,0,17.86153846
n3073 o,n3073,maggot,male,6.35,352,55.43307087,8.729617459,96,o,1297.96423,3,13,0.326666667,1.8,2.8,4.2,4,7,0,2,18.01052632,0.933508333,0.010015684,0.005393061,0.003081749,0,0.001540875,17.93684211
n3073 O,n3073,maggot,female,6.12,357,58.33333333,9.531590414,103,O,2207.920813,3,8,-0.094117647,1.6,2.8,4.2,3,4,0,1,17.76190476,0.769544444,0.003623318,0.001811659,0.001358744,0,0.000452915,17.94761905
n3073 X,n3073,maggot,female,6.3,394,62.53968254,9.926933736,104,X,2631.575331,2,17,0.466666667,1.8,2.8,4.2,6,9,0,2,17.93703704,1.411930556,0.006460009,0.003420005,0.002280003,0,0.000760001,17.62592593
n3074 =,n3074,maggot,male,5.83,303,51.97255575,8.914675085,96,=,604.35728,3,1,0.086666667,1.2,1.8,4.1,0,1,0,0,17.30625,0.299958333,0.00165465,0.00165465,0,0,0,17.26875
n3074 A,n3074,maggot,male,6.04,385,63.74172185,10.55326521,103,A,4170.118053,1,13,0.644444444,3.1,3,4.1,1,12,0,0,17.875,0.500294444,0.003117418,0.002877616,0.000239801,0,0,17.265
n3074 H,n3074,maggot,female,6.17,402,65.15397083,10.55980078,97,H,3698.403365,2,45,1.35,4,4.4,4.1,17,28,0,0,18.3,0.200159722,0.012167413,0.007570835,0.004596578,0,0,17.112
n3074 o,n3074,maggot,male,6.22,405,65.11254019,10.46825405,97,o,807.756776,2,6,0.878571429,2.5,2.5,4.1,1,5,0,0,18.18571429,0.600183333,0.007427979,0.006189982,0.001237996,0,0,17.30714286
n3074 O,n3074,maggot,female,6.2,418,67.41935484,10.87408949,97,O,2506.41153,1,75,2.951428571,6.4,6.4,4.1,37,38,0,0,20.08421053,1.950311111,0.029923258,0.015161118,0.014762141,0,0,17.30526316
n3074 X,n3074,maggot,female,6.26,423,67.57188498,10.79423083,103,X,3836.348782,3,58,2.673529412,5.9,5.8,4.1,32,26,0,0,19.9025641,1.350266667,0.015118542,0.006777277,0.008341265,0,0,17.21282051
n3080 =,n3080,maggot,male,6.57,516,78.53881279,11.9541572,106,=,3737.08621,1,15,0.329166667,3.2,5,3.3,2,13,0,0,17.98611111,1.837347222,0.004013822,0.003478646,0.000535176,0,0,17.68611111
n3080 A,n3080,maggot,male,5.45,269,49.35779817,9.056476728,106,A,681.05771,3,0,-0.1,0.8,2.6,3.3,0,0,0,0,18.16206897,0.250058333,0,0,0,0,0,18.27586207
n3080 H,n3080,maggot,female,5.59,308,55.09838998,9.856599281,100,H,526.65579,3,3,-0.1875,1.8,3.4,3.3,1,2,0,0,18.18125,0.100075278,0.00569632,0.003797547,0.001898773,0,0,18.36875
n3080 o,n3080,maggot,male,6.39,449,70.26604069,10.9962505,92,o,1133.21604,2,5,0.457142857,3.1,4.4,3.3,2,3,0,0,18.74761905,1.837347222,0.004412221,0.002647333,0.001764889,0,0,18.29047619
n3080 O,n3080,maggot,female,6.11,400,65.46644845,10.71463968,100,O,4734.19135,2,33,0.613333333,2.4,3.5,3.3,19,12,0,2,17.84,2.137158333,0.006970567,0.002534752,0.004013357,0,0.000422459,17.42
n3080 X,n3080,maggot,female,5.79,382,65.97582038,11.39478763,106,X,4322.78629,1,55,1.606060606,3.3,5.3,3.3,20,33,2,0,19.25434783,0.700397222,0.012723275,0.007633965,0.004626646,0.000462665,0,17.83913043
n3081 =,n3081,maggot,male,6.11,421,68.90343699,11.27715826,92,=,4213.711086,1,45,0.217647059,1.7,3.3,3.4,8,32,4,1,18.18297872,0.250230556,0.010679422,0.007594256,0.001898564,0.000949282,0.00023732,17.98723404
n3081 A,n3081,maggot,male,5.97,375,62.81407035,10.52161982,100,A,1443.0218,3,14,-0.463636364,0.7,2,3.4,9,4,1,0,17.78666667,0.450427778,0.009701863,0.002771961,0.006236912,0.00069299,0,18.14666667
n3081 H,n3081,maggot,female,5.88,389,66.15646259,11.25109908,106,H,1350.17167,2,41,0.424,3,4.5,3.4,3,11,2,25,18.86153846,0.400363889,0.030366509,0.008147112,0.00222194,0.001481293,0.018516164,18.44230769
n3081 o,n3081,maggot,male,5.72,313,54.72027972,9.566482469,106,o,267.95049,2,22,-0.9375,0.6,2.3,3.4,3,10,0,9,17.7125,0.150294444,0.08210472,0.037320327,0.011196098,0,0.033588295,18.65
n3081 O,n3081,maggot,female,6.15,375,60.97560976,9.914733294,99,O,1441.680796,3,35,-0.086956522,1.4,2.9,3.4,2,5,2,26,18.17777778,0.300213889,0.024277219,0.003468174,0.00138727,0.00138727,0.018034505,18.27407407
n3081 X,n3081,maggot,female,6.43,459,71.38413686,11.10173202,100,X,5778.81678,1,40,0.572727273,1.8,3,3.4,3,31,5,1,18.43673469,0.550133333,0.006921832,0.00536442,0.000519137,0.000865229,0.000173046,17.8877551
n3103 =,n3103,maggot,male,6.21,333,53.62318841,8.634973978,102,=,1988.30215,2,36,-0.1375,0.7,2,3.6,8,4,0,24,17.24615385,0.399122222,0.0181059,0.002011767,0.004023533,0,0.0120706,17.33076923
n3103 A,n3103,maggot,male,6.55,392,59.84732824,9.136996679,102,A,4908.38906,1,82,0.241666667,1,2.1,3.6,15,56,11,0,17.75,0.399122222,0.016706092,0.011409039,0.003055992,0.002241061,0,17.472
n3103 H,n3103,maggot,female,6.21,345,55.55555556,8.946144212,103,H,661.89906,2,26,0.104761905,2,3,3.6,7,8,0,11,18.03809524,0.149073611,0.039280914,0.012086435,0.010575631,0,0.016618848,17.93333333
n3103 o,n3103,maggot,male,5.6,300,53.57142857,9.566326531,103,o,605.19186,2,33,0.003448276,2.5,3.4,3.6,7,4,0,22,17.80322581,0.199241111,0.054528162,0.006609474,0.01156658,0,0.036352108,17.82903226
n3103 O,n3103,maggot,female,5.98,320,53.51170569,8.948445767,112,O,1289.78738,2,21,0.95625,3,3.6,3.6,3,8,0,10,18.59444444,0.499113889,0.016281753,0.006202573,0.002325965,0,0.007753216,17.76111111
n3103 X,n3103,maggot,female,6.04,326,53.97350993,8.936011578,118,X,5307.978909,1,26,0.180645161,0.7,1.6,3.6,4,17,5,0,17.69333333,0.549152778,0.004898286,0.003202726,0.000753582,0.000941978,0,17.43111111
n3104 =,n3104,maggot,male,6.49,372,57.31895223,8.831887864,106,=,2912.910914,1,48,0.339285714,1.1,1.6,4.4,5,27,16,0,17.75121951,0.950383333,0.016478362,0.009269079,0.001716496,0.005492787,0,17.49756098
n3104 A,n3104,maggot,male,6.15,399,64.87804878,10.54927622,103,A,2547.19994,3,27,0.413333333,1.3,1.5,4.4,4,7,1,15,18.259375,1.600436111,0.010599875,0.002748116,0.001570352,0.000392588,0.005888819,17.903125
n3104 H,n3104,maggot,female,6.09,346,56.81444992,9.329137918,112,H,3482.044444,2,36,0.386956522,1.2,2,4.4,4,5,0,27,18.14615385,0.25005,0.010338754,0.001435938,0.00114875,0,0.007754065,17.81153846
n3104 o,n3104,maggot,male,6.72,413,61.45833333,9.145585317,104,o,2100.648844,2,46,0.224137931,1.8,2.1,4.4,9,15,1,21,17.90571429,1.90045,0.021897996,0.007140651,0.004284391,0.000476043,0.009996911,17.72857143
n3104 O,n3104,maggot,female,6.38,357,55.95611285,8.770550604,104,O,4739.801324,1,32,0.494444444,1.4,2.3,4.4,5,20,7,0,18.08163265,0.799991667,0.006751338,0.004219586,0.001054897,0.001476855,0,17.57346939
n3104 X,n3104,maggot,female,5.87,317,54.00340716,9.199899004,118,X,1250.70342,3,10,0.294444444,1.5,2.3,4.4,1,2,0,7,18.22222222,0.350088889,0.007995501,0.0015991,0.00079955,0,0.00559685,17.92777778
n3108 =,n3108,control,male,5.99,345,57.59599332,9.615357817,98,=,362.17351,3,11,0.1,0.5,1.5,2.7,2,0,0,9,18,0.980558333,0.030372183,0,0.005522215,0,0.024849968,17.9
n3108 A,n3108,control,male,6.41,433,67.55070203,10.53833105,97,A,3775.16644,1,39,0.57037037,2.3,2.4,2.7,7,23,9,0,17.76,0.800472222,0.01033067,0.006092447,0.001854223,0.002384001,0,17.28
n3108 H,n3108,control,female,6.17,394,63.85737439,10.34965549,97,H,3561.35996,1,29,2.830434783,6.6,6.6,2.7,7,18,4,0,19.33611111,1.300413889,0.008142957,0.005054249,0.001965541,0.001123166,0,17.24166667
n3108 o,n3108,control,male,6.24,394,63.14102564,10.11875411,97,o,55.50599,2,16,1.583333333,5,5.4,2.7,5,4,0,7,19.31666667,0.750397222,0.288257177,0.072064294,0.090080368,0,0.126112515,17.73333333
n3108 O,n3108,control,female,5.23,257,49.13957935,9.395713069,97,O,347.6211,3,23,1.233333333,2.9,3,2.7,0,5,0,18,18.63333333,1.000336111,0.066163993,0.014383477,0,0,0.051780516,17.52777778
n3108 X,n3108,control,female,6.14,383,62.37785016,10.15925898,97,X,648.3486,2,35,2.5375,6.3,6.4,2.7,7,13,0,14,20.35,1.350488889,0.053983305,0.020050942,0.010796661,0,0.021593322,17.8125
n3109 =,n3109,control,male,6.23,367,58.90850722,9.455619137,97,=,1010.15503,2,18,0.061111111,0.6,1.2,2.7,4,1,0,13,17.57,0.699963889,0.017819047,0.000989947,0.003959788,0,0.012869312,17.47
n3109 A,n3109,control,male,6.35,431,67.87401575,10.68882138,97,A,4825.68949,1,35,1.6,3.6,3.6,2.7,5,28,2,0,18.46122449,1.4,0.00725285,0.00580228,0.001036121,0.000414449,0,17.17142857
n3109 H,n3109,control,female,5.85,351,60,10.25641026,98,H,560.16661,1,7,1.5,3.3,3.3,2.7,2,2,0,3,18.99444444,1.149902778,0.012496282,0.003570366,0.003570366,0,0.005355549,17.55
n3109 o,n3109,control,male,5.67,334,58.90652557,10.38915795,97,o,499.38624,2,7,0.116666667,0.6,1.2,2.7,1,1,0,5,17.45714286,2.100286111,0.014017206,0.002002458,0.002002458,0,0.01001229,17.32857143
n3109 O,n3109,control,female,6.31,433,68.62123613,10.8749978,97,O,4861.13693,1,4,1.215,3.2,4.1,2.7,2,1,1,0,18.0516129,1.300036111,0.000822853,0.000205713,0.000411426,0.000205713,0,17.0483871
n3109 X,n3109,control,female,6.48,428,66.04938272,10.19280597,98,X,401.89281,3,0,0.0125,0.5,0.9,2.7,0,0,0,0,17.42222222,0.550080556,0,0,0,0,0,17.43333333
n3137 =,n3137,maggot,male,6.4,402,62.8125,9.814453125,122,=,1839.5075,3,30,1.086666667,4.1,4.2,4,12,2,0,16,18.87666667,0.117469722,0.016308713,0.001087248,0.006523485,0,0.00869798,17.72
n3137 A,n3137,maggot,male,6.55,449,68.54961832,10.46559058,122,A,4438.307337,1,93,0.888888889,3.5,3.7,4,24,60,7,1,18.79787234,0.199836111,0.020953934,0.013518667,0.005407467,0.001577178,0.000225311,17.65851064
n3137 H,n3137,maggot,female,6.45,397,61.5503876,9.542695751,122,H,5458.070539,1,103,0.769444444,4,4,4,13,75,14,1,18.48133333,0.149725,0.018871138,0.01374112,0.002381794,0.002565009,0.000183215,17.54266667
n3137 o,n3137,maggot,male,6.32,443,70.09493671,11.090971,122,o,801.048157,2,34,1.846666667,6,6.8,4,12,5,0,17,20.26666667,0.367463889,0.04244439,0.006241822,0.014980373,0,0.021222195,17.81481481
n3137 O,n3137,maggot,female,6.06,363,59.9009901,9.884651832,123,O,1078.444427,2,32,0.68,3,3.1,4,4,13,0,15,18.60645161,0.049974167,0.029672368,0.0120544,0.003709046,0,0.013908923,17.65806452
n3137 X,n3137,maggot,female,6.12,379,61.92810458,10.11897134,123,X,2902.7931,3,58,1.175,2.9,3.2,4,9,5,0,44,19.05172414,1.219133333,0.019980756,0.001722479,0.003100462,0,0.015157815,17.63448276
n3138 =,n3138,maggot,male,6.59,466,70.71320182,10.73037964,122,=,4721.011066,1,50,1.4,3.6,3.7,5.6,9,35,6,0,18.52941176,0.600230556,0.010590952,0.007413666,0.001906371,0.001270914,0,17.50392157
n3138 A,n3138,maggot,male,6.5,430,66.15384615,10.17751479,122,A,4946.005821,2,35,1.6,5.1,5.7,5.6,8,22,0,5,18.58095238,1.099958333,0.007076417,0.004448034,0.001617467,0,0.001010917,17.48333333
n3138 H,n3138,maggot,female,6.06,355,58.58085809,9.666808265,122,H,3720.969273,2,78,0.910344828,3.2,3.5,5.6,11,36,1,30,18.29756098,0.9504,0.02096228,0.009674898,0.002956219,0.000268747,0.008062415,17.55853659
n3138 o,n3138,maggot,male,6.27,405,64.59330144,10.30196195,123,o,3652.246585,3,30,0.788,3,3.4,5.6,3,14,0,13,17.995,0.349891667,0.008214122,0.003833257,0.000821412,0,0.003559453,17.42
n3138 O,n3138,maggot,female,6.18,378,61.16504854,9.897257046,122,O,3312.934946,3,65,1.114285714,4.7,4.9,5.6,18,29,4,14,18.20227273,0.750425,0.019620065,0.008753568,0.005433249,0.001207389,0.00422586,17.41363636
n3138 X,n3138,maggot,female,6.29,411,65.3418124,10.38820547,122,X,4038.951556,1,65,1.831034483,4.3,4.5,5.6,23,36,2,4,19,0.750425,0.016093285,0.008913204,0.005694547,0.000495178,0.000990356,17.575
n3161 =,n3161,control,male,6.23,358,57.46388443,9.223737469,101,=,287.30944,3,25,0.533333333,1.7,2,2.7,9,6,0,10,18.22222222,0.250011111,0.087014196,0.020883407,0.031325111,0,0.034805679,17.68888889
n3161 A,n3161,control,male,6.48,409,63.11728395,9.740321597,129,A,3939.04837,1,41,0.688888889,3.7,4.1,2.7,12,21,5,3,17.51333333,0.250011111,0.010408605,0.005331237,0.003046421,0.001269342,0.000761605,17.04222222
n3161 H,n3161,control,female,6.37,479,75.19623234,11.80474605,102,H,4723.77539,1,44,2.5075,4.5,3.9,2.7,14,24,6,0,19.52181818,0.399855556,0.009314583,0.005080682,0.002963731,0.00127017,0,17.22
n3161 o,n3161,control,male,5.96,382,64.09395973,10.75402009,102,o,1793.9146,2,24,1.336,4.7,5.1,2.7,7,12,0,5,18.78888889,0.30005,0.013378563,0.006689282,0.003902081,0,0.002787201,17.54814815
n3161 O,n3161,control,female,6.29,407,64.70588235,10.28710371,84,O,575.08609,3,22,0.733333333,2.7,3.1,2.7,2,2,0,18,18.2,0.30005,0.038255142,0.00347774,0.00347774,0,0.031299662,17.44285714
n3161 X,n3161,control,female,6.28,389,61.94267516,9.863483306,102,X,29.47185,2,32,2.871428571,6.9,6.8,2.7,12,9,0,11,20.18666667,1.350238889,1.085781856,0.305376147,0.407168196,0,0.373237513,17.53333333
n3162 =,n3162,control,male,6.12,372,60.78431373,9.932077406,103,=,2823.35756,2,29,0.8125,3.5,3.7,2.9,10,13,4,2,17.08,0.449902778,0.010271458,0.004604447,0.003541882,0.001416753,0.000708376,16.54
n3162 A,n3162,control,male,6.22,388,62.37942122,10.02884586,131,A,985.62282,3,14,0.715384615,2.2,2.1,2.9,1,3,0,10,18.23846154,0.149815278,0.014204217,0.003043761,0.001014587,0,0.010145869,17.52307692
n3162 H,n3162,control,female,6.22,425,68.32797428,10.98520487,103,H,5273.062433,1,44,1.502702703,4.2,4.8,2.9,11,29,4,0,18.25090909,0.499922222,0.008344297,0.00549965,0.002086074,0.000758572,0,17.03454545
n3162 o,n3162,control,male,6.19,376,60.74313409,9.813107284,102,o,1314.01882,1,53,0.611428571,2.5,2.5,2.9,11,31,3,8,18.08333333,0.499922222,0.040334278,0.023591747,0.008371265,0.002283072,0.006088193,17.49166667
n3162 O,n3162,control,female,6.21,382,61.5136876,9.905585765,85,O,76.4333,3,26,0.754545455,3.1,3.3,2.9,4,4,0,18,18.3,0.349827778,0.34016587,0.052333211,0.052333211,0,0.235499449,17.54545455
n3162 X,n3162,control,female,6.12,382,62.41830065,10.19906873,103,X,697.77913,2,21,1.0875,2.7,2.8,2.9,7,5,0,9,18.35555556,1.350061111,0.030095483,0.007165591,0.010031828,0,0.012898064,17.37777778
n3175 =,n3175,maggot,male,5.57,312,56.01436266,10.05643854,137,=,621.47857,2,20,0.2875,2.7,3.1,3.4,2,10,1,7,17.8375,0.100009444,0.032181319,0.016090659,0.003218132,0.001609066,0.011263462,17.55
n3175 A,n3175,maggot,male,6.42,404,62.92834891,9.801923506,110,A,3860.25149,1,17,0.471875,3.8,4.6,3.4,3,9,3,2,17.43777778,0.800091667,0.004403858,0.002331454,0.000777151,0.000777151,0.000518101,17.09555556
n3175 H,n3175,maggot,female,5.85,327,55.8974359,9.555117247,137,H,2126.881662,1,37,2.335294118,4.7,4.3,3.4,5,22,2,8,19.86,1.400061111,0.01739636,0.010343782,0.00235086,0.000940344,0.003761375,17.51714286
n3175 o,n3175,maggot,male,5.36,282,52.6119403,9.815660503,109,o,1727.627202,3,20,0.210344828,0.7,0.9,3.4,1,7,1,11,17.78965517,0.650302778,0.011576572,0.0040518,0.000578829,0.000578829,0.006367114,17.57931034
n3175 O,n3175,maggot,female,6.3,460,73.01587302,11.58982111,110,O,5366.093562,2,28,1.5725,3.5,3.9,3.4,5,17,5,1,18.42833333,1.8503,0.005217949,0.00316804,0.000931777,0.000931777,0.000186355,17.03166667
n3175 X,n3175,maggot,female,5.64,326,57.80141844,10.24847845,110,X,800.446022,3,21,0.445454545,3,3.3,3.4,0,7,0,14,17.95882353,0.199788333,0.026235373,0.008745124,0,0,0.017490249,17.50588235
n3176 =,n3176,maggot,male,6.29,445,70.74721781,11.2475704,109,=,1703.695873,2,77,2.420833333,4.1,3.9,3.7,25,17,3,32,19.34642857,0.600138889,0.04519586,0.009978307,0.01467398,0.001760878,0.018782695,17.24642857
n3176 A,n3176,maggot,male,5.19,257,49.51830443,9.54109912,110,A,459.501134,3,17,0.7,2.7,3.6,3.7,0,0,0,17,18.15384615,0.150086667,0.036996644,0,0,0,0.036996644,17.45384615
n3176 H,n3176,maggot,female,6.36,342,53.77358491,8.45496618,137,H,1351.76878,2,29,1.317647059,4.7,5.3,3.7,9,12,1,7,18.385,0.800066667,0.021453373,0.008877258,0.006657943,0.000739771,0.0051784,17.245
n3176 o,n3176,maggot,male,6.41,415,64.7425897,10.100248,137,o,5090.827624,1,90,0.774468085,4.6,5.6,3.7,25,60,5,0,17.64603175,0.600138889,0.017678854,0.011785903,0.004910793,0.000982159,0,17.02539683
n3176 O,n3176,maggot,female,5.82,356,61.16838488,10.51003177,110,O,1221.69794,3,33,0.204,1.3,1.8,3.7,1,4,0,28,17.54615385,0.200086111,0.027011587,0.003274132,0.000818533,0,0.022918922,17.35
n3176 X,n3176,maggot,female,6.27,474,75.59808612,12.05711102,110,X,4519.914725,1,45,2.209756098,6.7,6.6,3.7,10,27,6,2,19.028,1.000216667,0.00995594,0.005973564,0.002212431,0.001327459,0.000442486,17.13
n3199 =,n3199,control,male,6.37,436,68.44583987,10.74502981,118,=,0,3,5,-0.233333333,0.4,1,2.6,0,2,0,3,16.64,1.249866667,NA,NA,NA,NA,NA,16.56
n3199 A,n3199,control,male,6.14,395,64.33224756,10.47756475,119,A,350.591956,2,16,0.5875,2,2.3,2.6,4,4,0,8,17.4,0.249922222,0.0456371,0.011409275,0.011409275,0,0.02281855,16.9
n3199 H,n3199,control,female,6.3,423,67.14285714,10.65759637,119,H,3925.302519,1,73,2.585714286,6,6.7,2.6,34,39,0,0,19.06730769,1.350127778,0.018597293,0.00993554,0.008661753,0,0,16.80576923
n3199 o,n3199,control,male,6.46,436,67.49226006,10.44771828,118,o,3444.673404,1,16,0.719444444,2.4,2.4,2.6,4,8,4,0,17.45434783,0.2997,0.004644853,0.002322426,0.001161213,0.001161213,0,16.78043478
n3199 O,n3199,control,female,6.5,429,66,10.15384615,119,O,370.818056,3,17,1.776923077,5,4.5,2.6,7,8,0,2,18.84615385,0.699991667,0.045844585,0.021573922,0.018877182,0,0.005393481,17.06923077
n3199 X,n3199,control,female,6.19,385,62.19709208,10.04799549,119,X,650.31762,2,47,2.559090909,5.8,6.2,2.6,27,15,0,5,18.225,1.500019444,0.072272377,0.023065652,0.041518174,0,0.007688551,16.48888889
n3200 =,n3200,control,male,6.18,428,69.25566343,11.20641803,120,=,1054.27919,2,13,0.568965517,2.1,1.9,2.4,3,2,0,8,17.74,1.800197222,0.0123307,0.001897031,0.002845546,0,0.007588123,17.17666667
n3200 A,n3200,control,male,6.27,410,65.3907496,10.42914667,119,A,3238.896533,1,18,0.75,1.1,0.9,2.4,3,14,1,0,17.10833333,1.750102778,0.005557448,0.00432246,0.000926241,0.000308747,0,16.39166667
n3200 H,n3200,control,female,5.5,296,53.81818182,9.785123967,120,H,919.50332,3,15,0.358333333,1.2,1.7,2.4,2,1,0,12,17.5,1.600233333,0.016313155,0.001087544,0.002175087,0,0.013050524,17.11538462
n3200 o,n3200,control,male,5.2,238,45.76923077,8.801775148,120,o,338.81,3,4,0.431578947,2.7,3.3,2.4,0,0,0,4,17.62105263,0.900019444,0.011806027,0,0,0,0.011806027,17.18947368
n3200 O,n3200,control,female,6.3,403,63.96825397,10.15369111,120,O,549.68792,2,20,1.266666667,3.7,4.1,2.4,8,7,2,3,18.22,1.300097222,0.036384281,0.012734499,0.014553713,0.003638428,0.005457642,17.085
n3200 X,n3200,control,female,6.25,419,67.04,10.7264,120,X,3671.464505,1,28,2.447058824,3.7,3.9,2.4,8,20,0,0,18.73478261,1.700455556,0.007626385,0.005447418,0.002178967,0,0,16.80869565
n3243 =,n3243,control,male,6.3,434,68.88888889,10.93474427,131,=,1159.01625,2,37,0.842307692,2.7,2.9,2.8,12,14,0,11,18.25862069,1.1003,0.031923625,0.012079209,0.010353608,0,0.009490807,17.46206897
n3243 A,n3243,control,male,6.29,445,70.74721781,11.2475704,95,A,4143.75573,1,44,1.065217391,2.9,3.3,2.8,11,30,2,1,17.80540541,1.350258333,0.010618387,0.007239809,0.002654597,0.000482654,0.000241327,17.02972973
n3243 H,n3243,control,female,6.1,393,64.42622951,10.56167697,113,H,81.60673,3,13,0.4,1.2,1.2,2.8,4,1,0,8,17.62,0.449894444,0.159300587,0.012253891,0.049015565,0,0.098031131,17.34
n3243 o,n3243,control,male,5.32,312,58.64661654,11.0238001,131,o,439.074435,3,20,0.271428571,0.9,1.4,2.8,3,3,0,14,17.22727273,1.000002778,0.045550363,0.006832554,0.006832554,0,0.031885254,17
n3243 O,n3243,control,female,6.33,439,69.35229068,10.95612807,131,O,1131.1805,2,26,1.88,4.3,4.9,2.8,13,7,0,6,19.3125,1.400294444,0.022984838,0.006188225,0.011492419,0,0.005304193,17.53125
n3243 X,n3243,control,female,6.25,433,69.28,11.0848,113,X,4759.894965,1,41,2.967857143,5.8,5.3,2.8,15,26,0,0,19.35121951,1.150283333,0.008613635,0.005462305,0.00315133,0,0,17.13658537
n3244 =,n3244,control,male,6.2,459,74.03225806,11.94068678,131,=,3966.121229,1,87,0.856097561,2.8,2.7,2.7,30,52,5,0,17.71724138,0.350191667,0.021935789,0.013111047,0.007564065,0.001260678,0,16.97931034
n3244 A,n3244,control,male,6.41,483,75.35101404,11.7552284,95,A,480.428669,2,56,2.24,3.8,3.6,2.7,28,17,0,11,19.64,0.600211111,0.116562569,0.035385066,0.058281285,0,0.022896219,17.4
n3244 H,n3244,control,female,6.2,413,66.61290323,10.74401665,113,H,2071.143209,3,14,0.744444444,1.4,1.5,2.7,3,3,1,7,17.13,1.450547222,0.006759552,0.001448475,0.001448475,0.000482825,0.003379776,16.585
n3244 o,n3244,control,male,6.4,389,60.78125,9.497070313,131,o,730.55592,3,18,0.271428571,0.7,0.8,2.7,2,1,0,15,17.62666667,0.650202778,0.024638771,0.001368821,0.002737641,0,0.020532309,17.31333333
n3244 O,n3244,control,female,6.18,392,63.43042071,10.26382212,113,O,505.728439,1,20,1.59375,3.2,3.2,2.7,4,7,2,6,18.96875,0.750186111,0.039546916,0.013841421,0.007909383,0.003954692,0.011864075,17.375
n3244 X,n3244,control,female,6.5,461,70.92307692,10.9112426,131,X,2917.91658,1,15,3.328571429,6.5,6.2,2.7,3,8,1,3,19.69565217,1.050208333,0.005140654,0.002741682,0.001028131,0.00034271,0.001028131,17.03478261
n3346 =,n3346,control,male,5.92,370,62.5,10.55743243,109,=,656.391616,3,9,0.166666667,0.7,1.8,2.9,1,0,0,8,17.85,0.600222222,0.013711327,0,0.001523481,0,0.012187846,17.68333333
n3346 A,n3346,control,male,5.99,381,63.60601002,10.6186995,102,A,3611.691126,1,14,0.958333333,3.4,3.1,2.9,1,10,2,1,17.7325,0.750372222,0.0038763,0.002768786,0.000276879,0.000553757,0.000276879,16.9675
n3346 H,n3346,control,female,5.71,345,60.42031524,10.58149128,109,H,51.53399,3,15,2.6625,5.5,5.9,2.9,3,4,0,8,19.84444444,0.500155556,0.29107003,0.077618675,0.058214006,0,0.155237349,17.47777778
n3346 o,n3346,control,male,5.94,350,58.92255892,9.919622714,109,o,486.33614,2,15,0.488888889,1.2,1.3,2.9,0,8,0,7,17.76363636,0.750372222,0.030842865,0.016449528,0,0,0.014393337,17.4
n3346 O,n3346,control,female,6.26,304,48.56230032,7.757555962,109,O,935.38963,2,24,-0.058333333,0.5,1.2,2.9,6,6,0,12,17.56666667,0.200327778,0.025657757,0.006414439,0.006414439,0,0.012828879,17.625
n3346 X,n3346,control,female,5.89,345,58.57385399,9.944627163,110,X,4969.067496,1,37,2.548148148,6.1,6.6,2.9,9,26,2,0,18.82790698,0.500155556,0.007446065,0.00523237,0.001811205,0.00040249,0,17.0372093
n3347 =,n3347,control,male,5.76,319,55.38194444,9.61492091,110,=,2591.48988,3,57,0.967857143,3.1,3.7,3.6,18,4,0,35,17.85,0.300280556,0.021995069,0.001543514,0.006945811,0,0.013505744,16.95
n3347 A,n3347,control,male,6.08,387,63.65131579,10.46896641,110,A,4931.451516,1,199,1.342857143,3.5,3.3,3.6,40,138,21,0,17.75689655,2.000402778,0.040353231,0.027983647,0.008111202,0.004258381,0,16.68793103
n3347 H,n3347,control,female,6.38,424,66.45768025,10.4165643,109,H,4374.555326,1,17,0.724242424,2,1.8,3.6,0,10,7,0,17.51162791,0.078203056,0.003886109,0.002285947,0,0.001600163,0,16.75348837
n3347 o,n3347,control,male,6.31,343,54.35816165,8.614605649,109,o,1018.53259,2,54,0.24,1.4,2,3.6,22,5,0,27,17.27777778,0.300280556,0.053017449,0.004909023,0.021599702,0,0.026508725,17.04074074
n3347 O,n3347,control,female,5.55,307,55.31531532,9.96672348,109,O,1384.90513,2,20,0.138888889,1.3,2,3.6,0,2,0,18,17.17368421,0.150315833,0.014441422,0.001444142,0,0,0.01299728,17.02631579
n3347 X,n3347,control,female,5.75,284,49.39130435,8.58979206,110,X,144.02165,2,7,1.325,2,1.6,3.6,0,2,0,5,18.45,0.058751667,0.048603804,0.013886801,0,0,0.034717003,17.125
n3382 =,n3382,maggot,male,6.35,426,67.08661417,10.56482113,103,=,698.780672,2,31,1.304347826,4.2,5.1,3.3,10,12,0,9,19.71304348,1.050208333,0.04436299,0.01717277,0.014310642,0,0.012879578,18.40869565
n3382 A,n3382,maggot,male,6.52,452,69.32515337,10.63269224,104,A,615.07108,3,32,1.644827586,4.7,4.6,3.3,3,10,0,19,19.85806452,1.200525,0.052026507,0.016258284,0.004877485,0,0.030890739,18.32258065
n3382 H,n3382,maggot,female,5.82,334,57.38831615,9.860535421,111,H,686.73181,3,12,0.70952381,4.5,5.2,3.3,2,0,0,10,19.06190476,0.300058333,0.01747407,0,0.002912345,0,0.014561725,18.35238095
n3382 o,n3382,maggot,male,6.55,481,73.4351145,11.21146786,114,o,5326.635455,1,55,2.102941176,4.5,4.2,3.3,11,33,9,1,19.475,0.300058333,0.010325467,0.00619528,0.002065093,0.001689622,0.000187736,17.95576923
n3382 O,n3382,maggot,female,6.11,352,57.61047463,9.428882918,104,O,3186.668667,1,38,0.896666667,2.9,2.9,3.3,5,21,9,3,18.99714286,0.600247222,0.011924679,0.006589954,0.001569037,0.002824266,0.000941422,18.19714286
n3382 X,n3382,maggot,female,6.22,409,65.75562701,10.57164421,138,X,2731.37366,2,28,0.494444444,3.1,3.7,3.3,3,7,0,18,18.10294118,0.150001667,0.010251252,0.002562813,0.001098348,0,0.006590091,17.75294118
n3383 =,n3383,maggot,male,6.04,426,70.52980132,11.67711942,103,=,3420.308069,1,39,1.051162791,5.4,5.5,3.8,5,19,7,8,18.98039216,0.299977778,0.011402482,0.005555055,0.001461857,0.002046599,0.002338971,18.01568627
n3383 A,n3383,maggot,male,5.56,294,52.87769784,9.51037731,104,A,1282.678422,2,22,0.197222222,1.1,1.5,3.8,0,11,0,11,18.37105263,0.650269444,0.01715161,0.008575805,0,0,0.008575805,18.17105263
n3383 H,n3383,maggot,female,6.62,496,74.9244713,11.31789597,130,H,4239.564259,1,29,1.208571429,2.9,2.5,3.8,7,17,3,2,18.92156863,0.750102778,0.006840326,0.004009846,0.001651113,0.00070762,0.000471747,17.79019608
n3383 o,n3383,maggot,male,6.15,377,61.30081301,9.967611871,111,o,1265.055379,3,14,1.183333333,4.8,4.9,3.8,5,1,0,8,19.23076923,0.400144444,0.011066709,0.000790479,0.003952396,0,0.006323834,18.11794872
n3383 O,n3383,maggot,female,6.45,421,65.27131783,10.11958416,114,O,2106.322443,2,27,0.474285714,2.3,2.5,3.8,2,5,1,19,18.63157895,0.299977778,0.01281855,0.002373806,0.000949522,0.000474761,0.009020461,18.14736842
n3383 X,n3383,maggot,female,6.29,428,68.0445151,10.81788793,132,X,2136.228403,2,24,0.41,1,1.3,3.8,5,6,0,13,18.43823529,0.400144444,0.011234754,0.002808688,0.002340574,0,0.006085492,18.03529412
n3445 =,n3445,maggot,male,6.31,398,63.07448494,9.99595641,112,=,1944.543543,2,19,0.496296296,2.5,2.8,5,6,6,0,7,18.91290323,2.000477778,0.009770931,0.003085557,0.003085557,0,0.003599817,18.56129032
n3445 A,n3445,maggot,male,6.31,459,72.74167987,11.52799998,101,A,4563.673591,1,38,0.983870968,3,3.3,5,8,24,6,0,19.07272727,0.449958333,0.008326625,0.005258921,0.001752974,0.00131473,0,18.30454545
n3445 H,n3445,maggot,female,6.21,409,65.86151369,10.60571879,112,H,5538.145731,3,22,0.889285714,3.6,4,5,3,4,0,15,18.86904762,0.650294444,0.003972449,0.000722263,0.000541698,0,0.002708488,18.21666667
n3445 o,n3445,maggot,male,5.52,279,50.54347826,9.156427221,112,o,2073.97995,3,10,0.241176471,2,2.7,5,2,2,0,6,18.52272727,1.150275,0.004821647,0.000964329,0.000964329,0,0.002892988,18.36818182
n3445 O,n3445,maggot,female,5.93,386,65.09274874,10.97685476,112,O,5464.883151,2,19,0.325,2.9,4.2,5,2,11,0,6,18.32758621,1.150275,0.003476744,0.002012852,0.000365973,0,0.001097919,17.98275862
n3445 X,n3445,maggot,female,6.42,412,64.17445483,9.996021001,112,X,4322.654691,1,20,1.373913043,4.4,4.8,5,5,14,1,0,19.32424242,0.650294444,0.004626786,0.00323875,0.001156697,0.000231339,0,18.31515152
n3446 =,n3446,maggot,male,5.73,315,54.97382199,9.594035251,120,=,81.773642,3,5,0.8625,1.7,1.7,3.5,1,0,0,4,18.8,0.500005556,0.061144397,0,0.012228879,0,0.048915517,17.94
n3446 A,n3446,maggot,male,6.61,493,74.58396369,11.28350434,112,A,5190.557956,1,24,1.075,3.9,4.3,3.5,2,20,2,0,18.95909091,0.249991667,0.00462378,0.00385315,0.000385315,0.000385315,0,17.92727273
n3446 H,n3446,maggot,female,6.03,378,62.68656716,10.39578228,112,H,1168.295207,2,52,2.573913043,5,5.4,3.5,22,11,0,19,20.31851852,0.800222222,0.044509298,0.009415429,0.018830857,0,0.016263013,18.01851852
n3446 o,n3446,maggot,male,6.2,365,58.87096774,9.495317378,112,o,415.97764,2,14,1.033333333,3.8,4.2,3.5,1,2,0,11,18.59166667,0.151113333,0.033655655,0.004807951,0.002403975,0,0.026443729,17.73333333
n3446 O,n3446,maggot,female,6.22,428,68.81028939,11.06274749,112,O,5429.238226,1,73,2.707317073,4.6,4.6,3.5,22,45,6,0,19.93090909,1.300291667,0.013445717,0.008288456,0.004052134,0.001105127,0,17.72545455
n3446 X,n3446,maggot,female,5.7,318,55.78947368,9.787626962,112,X,1691.946769,3,6,1.069230769,4.4,4.5,3.5,0,1,0,5,18.79411765,0.450552778,0.003546211,0.000591035,0,0,0.002955176,17.91176471
